,high_risk_mean,high_risk_median,high_risk_std,high_risk_min,high_risk_max,low_risk_mean,low_risk_median,low_risk_std,low_risk_min,low_risk_max,mean_difference,statistic,p_value,test_type
BIA-BIA_Fat_boxcox,7.889412262803254e+107,7.714070609575723e+107,7.801484017114858e+106,6.84935585622565e+107,9.636988966633923e+107,7.053620327803437e+107,6.92193122474986e+107,5.634853223247908e+106,0.0,1.0670636114256732e+108,8.357919349998177e+106,5.231771297335208,0.12023319100283138,t-test
stat_88_boxcox,1.4396372626526794e+102,1.487562875662776e+102,6.098920753863653e+101,1.6104905013627244e+100,2.0915842557638628e+102,1.527673362944854e+102,1.6155585954574507e+102,5.017186619127777e+101,8.035685933987076e+54,2.310461361047382e+102,-8.803610029217455e+100,-0.4549069109826236,0.7282098205461425,t-test
stat_38_boxcox,9.403505364392491e+59,1.0294572959412016e+60,2.5623128418875096e+59,3.13026745589582e+59,1.2050663516914947e+60,9.324699773430072e+59,1.0736839014388962e+60,3.4760084122070256e+59,0.0,1.616700804074429e+60,7.880559096241905e+57,0.09636276523586726,0.9252687704735554,t-test
stat_80_boxcox,5.244082497885729e+31,5.19034262837323e+31,2.2993614203707215e+30,5.110156200368977e+31,5.891091380853882e+31,5.172408188280285e+31,5.163533695454329e+31,4.777913656253021e+30,2.440614207348081e+31,7.919918284151235e+31,7.167430960544405e+29,0.9648271081029651,0.3578234552403179,t-test
BIA-BIA_FMI_boxcox,15839187656112.947,15335218147248.53,2422052120012.8335,12571250269072.213,21426934170287.28,13707481699418.912,13326556842157.16,1710717029289.9673,0.0,26980750212554.086,2131705956694.0352,4.298646058968712,0.0002614793358290663,t-test
stat_68,47251500000000.0,43435000000000.0,6779306769705.718,43060000000000.0,61675000000000.0,46102076572008.12,43680000000000.0,4784010596803.028,25347500000000.0,69785000000000.0,1149423427991.8828,0.5348115898654364,0.605611657418305,t-test
stat_32,23499391672325.004,24940513666216.254,3191420315733.2163,17284447195057.627,25208925301800.86,22690153259372.17,24911873759150.195,3683178294745.79,6972893366377.356,31374518427826.305,809238412952.832,0.7964872543478636,0.44572022403214173,t-test
stat_56,27574875000000.0,21725000000000.0,10741143161053.668,21230000000000.0,52452500000000.0,26854021298174.44,21838750000000.0,8151066774445.838,12673750000000.0,64795000000000.0,720853701825.5586,0.21160799198347557,0.8370734855885649,t-test
stat_80,65381250000000.0,65105000000000.0,1199615100308.7986,64670000000000.0,68753750000000.0,64938558569979.72,64960000000000.0,2618824259294.837,47045000000000.0,78097500000000.0,442691430020.28125,1.139749402921134,0.28123961048438745,t-test
stat_20,45994118651739.05,43301966198360.414,5081250458470.183,43149451967610.34,58118966902091.125,45717323403633.46,43409279755391.234,4011288626312.645,34177552463364.785,67337719104230.02,276795248105.58594,0.1717196020833902,0.8674103268857596,t-test
combined_actigraphy_stat,292138.6,377430.0,161429.2882907078,10670.0,434892.0,316072.78194726165,383544.0,132769.839953719,927.0,756212.0,-23934.181947261677,-0.4672524629329244,0.6512773267552009,t-test
Physical_Weight_X_PCIAT_Total,13895.493939393938,13186.800000000001,4619.515288286437,6528.0,26593.2,2609.0329657345414,1929.6000000000001,2572.515790128662,0.0,17100.0,11286.460973659397,14.006991374046157,2.9032663416292536e-15,t-test
BIA_Fat_X_Physical_Weight,10785.694090833334,8391.93908,9041.447118564092,1704.0067199999999,35851.8168,2272.759221519251,1249.41462,15001.32623433405,-615653.6320000001,46084.472,8512.934869314084,4.536326855726089,0.00012834624321276343,t-test
BIA_Fat_X_PCIAT_Total,4885.347670833334,4069.0347999999994,2758.8899518657327,1071.306,11268.438,540.2317405550588,361.95930000000004,3334.234906107176,-113686.04,7230.7482,4345.115930278275,7.641154171243915,7.219322605387838e-08,t-test
CGAS_Score_X_PCIAT_Total,5053.206896551724,5084.0,965.1415284561839,2940.0,6640.0,1770.926934716818,1692.0,1282.9268539420825,0.0,6162.0,3282.2799618349054,18.114466079524917,1.9209082542455253e-17,t-test
Physical_Weight_X_BIA_BMI,4942.657018750001,4081.6477700000005,2855.3529901474503,1509.96564,13777.04052,1909.1990858920328,1405.8335200000001,1542.5758804211043,0.0,16155.720280000001,3033.4579328579684,5.195225158501469,2.8170764505904207e-05,t-test
BIA_BMI_X_PCIAT_Total,2374.779,2174.558,678.3618948003646,1602.811,4103.6031,527.3901678407491,466.32,431.3538498368076,0.0,3023.5099999999998,1847.3888321592508,13.305395762364846,2.3260002031027938e-12,t-test
BIA-BIA_DEE,2849.9854166666664,2833.7,536.9481350387186,1891.85,3661.74,2055.112150482969,1853.65,2851.578663512868,1073.45,124728.0,794.8732661836975,6.255352198916183,1.7872646742119606e-07,t-test
stat_90,1963.4066772460938,2391.300048828125,825.1240041950025,146.5,2648.199951171875,2339.428125068092,2613.800048828125,898.3487000597098,26.5,20445.5,-376.0214478219982,-1.4325125383127422,0.1850250635663693,t-test
BIA-BIA_BMR,1604.9504166666666,1616.925,247.9441221320216,1112.85,2220.87,1232.528927808846,1113.61,1883.1421753302106,813.397,83152.2,372.4214888578206,5.6373354941303315,3.827129139932604e-07,t-test
stat_90_boxcox,607.1586962114064,726.8032055493591,232.2058604014552,72.12244040127426,790.5498461884953,705.3154820743981,782.0864620393901,223.3453964466787,16.771049267521615,4246.765008948376,-98.15678586299168,-1.33051327103179,0.21548710260914083,t-test
stat_43,3378.100048828125,3098.166748046875,362.4263593084634,3098.166748046875,3844.0,3296.6553043883905,3098.166748046875,300.9145060020332,3080.916748046875,4134.0,81.44474443973468,0.7081583626858354,0.496534240287969,t-test
Physical-Weight,159.38764705882355,159.6,49.6497023738416,81.6,298.8,86.8839605734767,75.6,41.19778450661519,0.0,315.0,72.50368648534685,8.489563646781964,7.489520847494039e-10,t-test
PCIAT-PCIAT_Total,85.91176470588235,87.0,4.230965553950608,80.0,93.0,27.16617320503331,26.0,19.38442131694979,0.0,79.0,58.74559150084904,72.00772917418293,2.624523076039063e-54,t-test
stat_55,3835.7166748046875,3759.0,150.9167872675059,3741.0,4146.0,3784.570529156234,3747.0,87.98856554141909,3534.1250610351562,4170.0,51.14614564845351,1.0698626808122536,0.3123480410732097,t-test
stat_67,3898.53330078125,3819.25,139.52210252235926,3800.0,4159.41650390625,3856.0531617448974,3818.0,88.48495712574241,3689.0,4175.0,42.48013903635274,0.9608573798578387,0.36152812717117044,t-test
BIA-BIA_LST,107.2891125,107.826,25.095102339168,57.2523,171.38,66.81398576512454,56.5394,109.2433402372353,23.6201,4683.71,40.47512673487546,7.120945272970754,2.736744631240508e-08,t-test
BIA-BIA_FFM,113.21123333333333,114.4865,26.409163023378124,60.7966,178.814,73.54354367056432,60.8769,200.57972314185156,28.9004,8799.08,39.66768966276901,5.637336470478142,3.8270078823791933e-07,t-test
BIA-BIA_Fat,56.02207083333332,50.25015,30.304618533907238,12.6036,121.166,16.377129797407218,15.9348,200.51130262421538,-8745.08,153.82,39.64494103592611,5.174281059186776,3.4533542758006703e-06,t-test
stat_30,106.02560214996338,35.856228828430176,126.3398386593266,10.87274169921875,392.73431396484375,143.94106444418733,104.52136993408203,124.19503748381504,0.24457918107509613,712.1011962890625,-37.91546229422396,-0.9444049046006288,0.3691609509277822,t-test
stat_19,3915.2052734375,3853.3231201171875,117.82178959668715,3822.33349609375,4140.267578125,3879.3123006762644,3848.201904296875,73.99238133430775,3661.307861328125,4163.57470703125,35.8929727612358,0.9614284871658298,0.36125991457901285,t-test
BIA-BIA_TBW,83.5287125,86.39590000000001,19.996469436928383,39.7937,132.055,53.63842130147433,44.7554,130.09036206638854,20.5892,5690.91,29.890291198525667,5.9466836061119945,2.2373671201725226e-07,t-test
stat_83,45.2,37.0,33.369313914300236,9.0,116.0,69.12221095334685,40.0,86.43324071259472,-125.0,742.0,-23.92221095334685,-2.1936101999597835,0.052335952427198955,t-test
stat_79,4010.3083251953126,3970.0,87.85229682021429,3927.0,4170.0,3987.0588240865277,3970.0,62.527628046513186,3800.0,4181.0,23.249501108784898,0.8347333345237924,0.4252553823348266,t-test
stat_71,39.9,29.0,32.56258930463335,8.0,110.0,62.92292089249493,33.0,86.37407806989428,-131.0,736.0,-23.02292089249493,-2.160100054942343,0.055253721751273445,t-test
BIA-BIA_SMM,56.6581,58.17985,12.265830635124765,32.8373,82.3033,34.11775944585663,27.2161,84.51542535319535,4.65573,3607.69,22.54034055414337,7.16374677762152,1.6766147167702977e-09,t-test
stat_23,40.625356388092044,29.967639923095703,33.24589336021276,11.149979591369629,113.89193725585938,63.152276439769814,33.90743827819824,86.13057018757048,-131.253173828125,736.4651489257812,-22.52692005167777,-2.0733077057391966,0.06420569210757857,t-test
stat_59,35.1,23.0,33.05029836812706,7.0,109.0,56.89655172413793,27.0,85.90116767184635,-137.0,731.0,-21.796551724137927,-2.017541998118947,0.07051579911332409,t-test
stat_95,58.3,50.5,40.07506844799035,24.0,157.0,79.04259634888439,51.0,86.77629919794177,-119.0,748.0,-20.74259634888439,-1.5991929498068964,0.14124369210056448,t-test
stat_47,30.4,17.0,33.81058348439961,1.0,108.0,51.087221095334684,21.0,85.88084354680302,-143.0,725.0,-20.687221095334685,-1.8745024093224982,0.08971123876989189,t-test
stat_52,-61.92812204360962,-67.70924949645996,26.03318122247164,-89.1129322052002,-19.27490234375,-41.863856231245926,-38.52427291870117,27.040048064421978,-89.65838813781738,87.3285140991211,-20.064265812363693,-2.424002048954816,0.03780735314733701,t-test
stat_64,-32.29039158821106,-25.531662464141846,33.13884201750488,-87.92359924316406,2.2238495349884033,-12.603684319118056,-10.736520767211914,30.305108999380927,-89.39624786376953,88.5429916381836,-19.686707269093002,-1.8706897029779956,0.09364409302246655,t-test
BIA-BIA_ICW,47.998020833333335,48.872150000000005,10.681833419855746,29.0163,73.2738,32.99249964412811,28.7526,56.57899426786363,14.489,2457.91,15.005521189205226,5.939962573770595,5.098969364509129e-07,t-test
BIA-BIA_ECW,35.5306875,36.51465,10.458701911194726,10.7774,58.7812,20.64592106761566,15.7444,73.68532060915368,1.78945,3233.0,14.884766432384339,5.502322135415528,8.498418143896107e-07,t-test
Physical-Systolic_BP,130.03030303030303,128.0,20.71002904465136,99.0,180.0,116.83567271482369,114.0,16.96258092623729,0.0,203.0,13.194630315479344,3.6461452179735843,0.0009215209479898055,t-test
SDS-SDS_Total_T,69.76666666666667,68.0,13.200531163120132,50.0,100.0,57.62383540372671,55.0,13.134117678278894,38.0,100.0,12.142831262939957,5.009564768301323,2.330994429956259e-05,t-test
stat_31,134.40758209228517,148.00847625732422,33.84908435841404,75.59989929199219,165.4697265625,145.32836457536862,160.12554931640625,29.41865162836876,6.687519073486328,232.57615661621094,-10.920782483083457,-1.016364874439047,0.3356080482622526,t-test
BIA-BIA_LDM,29.68262083333333,30.0831,6.878448862427151,20.9167,47.2742,19.905129786476866,16.3167,70.63081061123967,4.63581,3108.17,9.777491046856465,4.605276190732462,1.0478010356796384e-05,t-test
Physical-Height,65.26176470588236,65.175,4.146978798484532,56.5,77.5,55.92623815620998,55.0,7.289991645132041,33.0,78.5,9.335526549672373,12.95332097061211,7.16196171554175e-15,t-test
SDS-SDS_Total_Raw,50.3,49.0,10.36289801032577,35.0,75.0,40.98177588212486,39.0,10.382187397354462,17.0,96.0,9.31822411787514,4.896569045508347,3.199413347959248e-05,t-test
stat_16,-20.32738464474678,-21.544921875,17.86934089436712,-53.75797653198242,2.9173779487609863,-11.15167882093219,-10.232820510864258,21.80116332717098,-89.11959838867188,81.13587951660156,-9.175705823814589,-1.6116746075690787,0.14049510989842093,t-test
stat_28,49.70277786254883,45.08957862854004,16.685743836552795,28.07457733154297,77.46345520019531,41.59556453948572,39.98903274536133,10.908128122558903,2.132783889770508,85.38850402832031,8.107213323063107,1.533157783877927,0.15931429908106687,t-test
BIA-BIA_BMI,27.35000416666667,26.22275,7.3538735695508395,18.2363,46.1079,19.269645178800204,17.9069,4.936771315967771,0.0482667,53.9243,8.080358987866465,5.3682083006589,1.815013368626527e-05,t-test
Physical-Waist_Circumference,35.25,31.5,9.322910847297997,29.0,49.0,27.24284116331096,26.0,5.527713359704959,18.0,50.0,8.00715883668904,1.7163885875795464,0.18430761512630253,t-test
Physical-BMI,26.06554771029412,24.28247009,7.074227965211791,15.16684513,46.10291358,18.821449401269657,17.4916869,4.5737363419749,0.0,59.13204775,7.244098309024462,5.960131886786752,1.055595883891359e-06,t-test
CGAS-CGAS_Score,58.58620689655172,61.0,11.415895063398322,35.0,80.0,65.53804347826087,65.0,22.430062671245505,25.0,999.0,-6.951836581709152,-3.2052064862320764,0.0031449715627176497,t-test
stat_76,21.784149712324144,22.12612295150757,33.60248323356101,-27.336841583251953,84.2523422241211,16.098947135096783,14.155571579933167,30.247637354363366,-89.0215072631836,89.12022590637207,5.685202577227361,0.5328406624281323,0.6068425117654392,t-test
BIA-BIA_FMI,9.129453750000001,8.332775,4.928781538126059,1.75784,19.901,4.278014285765124,3.66604,6.350513026981068,-194.163,28.2515,4.851439464234877,4.773997336330372,7.421123981501054e-05,t-test
stat_78,24.811397075653076,14.833333492279053,20.70851307688449,7.244168043136597,71.4149169921875,20.065014912665617,15.806186437606812,23.634459764996084,0.0,479.5,4.746382162987459,0.720052169113815,0.4893069964505311,t-test
Basic_Demos-Age,14.676470588235293,14.0,2.383282536885605,11.0,21.0,10.396841569027,10.0,3.5614253510815512,5.0,22.0,4.2796290192082935,10.370765499130762,4.125395190463038e-12,t-test
Physical-HeartRate,77.60606060606061,78.0,10.099317408677287,56.0,99.0,81.64212678936606,81.0,13.694691423220764,27.0,138.0,-4.036066183305451,-2.2723654855317768,0.029637888702542824,t-test
stat_66,11.360282576084137,5.562434673309326,13.765495111149606,3.040571093559265,48.26236915588379,7.344064903881923,6.2875120639801025,7.802088868926672,0.0,133.3333282470703,4.016217672202214,0.9211260701907138,0.38086130754503567,t-test
Physical-Diastolic_BP,73.39393939393939,70.0,14.236702993362337,50.0,113.0,69.60664156110921,68.0,13.600652572399154,0.0,179.0,3.787297832830177,1.5203709200140358,0.1380400119159713,t-test
PCIAT-PCIAT_08,4.735294117647059,5.0,0.511019392943506,3.0,5.0,1.2025222551928783,1.0,1.2909594091856664,0.0,5.0,3.5327718624541804,38.78006240359613,1.7599121928008426e-32,t-test
PCIAT-PCIAT_20,4.411764705882353,5.0,0.8569730754521467,2.0,5.0,0.8999629492404594,1.0,1.1227464862822776,0.0,5.0,3.5118017566418938,23.640521733008264,7.141721613719998e-23,t-test
PCIAT-PCIAT_14,4.470588235294118,5.0,0.8956221510397983,2.0,5.0,0.992216456634544,1.0,1.2471452824061853,0.0,5.0,3.478371778659574,22.37424137598287,3.5707830860958893e-22,t-test
PCIAT-PCIAT_10,4.617647058823529,5.0,0.7790711595597375,1.0,5.0,1.263060392738051,1.0,1.2838777785167121,0.0,5.0,3.3545866660854777,24.688614321094192,7.409211855266925e-24,t-test
PCIAT-PCIAT_09,4.352941176470588,5.0,1.1516089651249464,1.0,5.0,1.0211424332344214,1.0,1.2041663728678407,0.0,5.0,3.3317987432361664,16.754808473387893,5.642400697977957e-18,t-test
PCIAT-PCIAT_06,4.323529411764706,5.0,1.0651671724050364,1.0,5.0,1.0226093402520386,1.0,1.2162569589028378,0.0,5.0,3.300920071512667,17.923294413624383,6.310524776841611e-19,t-test
PCIAT-PCIAT_18,4.852941176470588,5.0,0.5577200851723332,2.0,5.0,1.57275426874536,1.0,1.4932998227701788,0.0,5.0,3.280186907725228,32.84076906860488,3.72610007796459e-30,t-test
PCIAT-PCIAT_15,4.705882352941177,5.0,0.6755205294731985,2.0,5.0,1.4591988130563798,1.0,1.456036232377093,0.0,5.0,3.246683539884797,27.238105326478397,4.5071328510717597e-26,t-test
PCIAT-PCIAT_13,4.529411764705882,5.0,0.8956221510397981,2.0,5.0,1.2998144712430426,1.0,1.3699161814452214,0.0,5.0,3.22959729346284,20.722704796882777,3.1737824796019732e-21,t-test
BIA-BIA_FFMI,18.220541666666666,18.162950000000002,3.1371843030386155,13.3901,27.5929,14.99163205388917,14.0826,5.807050314764832,7.86485,217.771,3.228909612777496,4.94001264733278,4.369881022145376e-05,t-test
PCIAT-PCIAT_16,4.617647058823529,5.0,0.9216160339761871,1.0,5.0,1.4123979213066074,1.0,1.4582729294138004,0.0,5.0,3.2052491375169216,19.966226495387456,9.413406262816067e-21,t-test
PCIAT-PCIAT_19,4.264705882352941,5.0,1.081772494129546,1.0,5.0,1.1198071216617211,1.0,1.3002500544016626,0.0,5.0,3.1448987606912198,16.79923279462048,4.2529475378165695e-18,t-test
PCIAT-PCIAT_04,3.9411764705882355,4.5,1.3693877523912965,0.0,5.0,0.8001483129403041,0.0,1.1409038956298474,0.0,5.0,3.1410281576479315,13.316586746304763,5.919479531730855e-15,t-test
PCIAT-PCIAT_17,4.7272727272727275,5.0,0.5167644091319124,3.0,5.0,1.589895988112927,1.0,1.411747334136968,0.0,5.0,3.1373767391598006,33.38269674733519,7.89824268138029e-30,t-test
stat_18,37.1987021446228,18.714433670043945,39.48095895876047,4.936989784240723,130.13894653320312,40.27125124137614,24.85969352722168,41.961259070985996,0.3143816590309143,367.2262268066406,-3.0725490967533418,-0.2447020313913449,0.8120536006732995,t-test
Fitness_Endurance-Time_Mins,4.5,4.5,4.949747468305833,1.0,8.0,7.378048780487805,7.0,3.185262107745486,0.0,20.0,-2.8780487804878048,-0.821838617890068,0.5618099884046303,t-test
stat_54,5.856231814622879,2.43474879860878,10.641261420481774,0.5,35.86845016479492,3.028669538014166,2.3333332538604736,6.053960835940233,0.0,133.3333282470703,2.8275622766087127,0.8388946590618931,0.42311132907804627,t-test
PCIAT-PCIAT_02,4.9411764705882355,5.0,0.23883257361061283,4.0,5.0,2.142962962962963,2.0,1.678804102518718,0.0,5.0,2.7982135076252725,53.63828947684741,3.952782773244211e-68,t-test
PCIAT-PCIAT_05,4.882352941176471,5.0,0.3270349700838643,4.0,5.0,2.264935064935065,2.0,1.6904944479964703,0.0,5.0,2.617417876241406,40.35862116130092,1.2581141490613926e-44,t-test
PCIAT-PCIAT_03,4.9411764705882355,5.0,0.23883257361061283,4.0,5.0,2.367816091954023,2.0,1.5725678829801641,0.0,5.0,2.5733603786342125,50.52014286244749,1.037246070401348e-61,t-test
PCIAT-PCIAT_07,2.9411764705882355,2.5,1.6866890010005569,0.0,5.0,0.5565862708719852,0.0,1.004651504265545,0.0,5.0,2.3845901997162504,8.225237338213667,1.5808736688409123e-09,t-test
PCIAT-PCIAT_01,4.705882352941177,5.0,0.7599605956573482,1.0,5.0,2.341237495368655,2.0,1.6609053175807245,0.0,5.0,2.3646448575725216,17.620833592806367,1.3054526650623137e-19,t-test
PCIAT-PCIAT_11,3.8823529411764706,4.5,1.719138365618836,0.0,5.0,1.6577777777777778,2.0,1.5209767861781698,0.0,5.0,2.2245751633986925,7.508372317948579,1.0936052375462812e-08,t-test
Fitness_Endurance-Max_Stage,3.5,3.5,2.1213203435596424,2.0,5.0,4.993252361673414,5.0,2.0137923957683794,0.0,28.0,-1.493252361673414,-0.9942930672753901,0.5011821438767665,t-test
stat_87,2.4753361642360687,2.054416298866272,1.6876658522730292,0.7634838819503784,5.452982425689697,3.6863148904898586,3.80994975566864,1.4532183207605627,0.14013807475566864,11.326200485229492,-1.2109787262537899,-2.2605974580928945,0.04970846873457408,t-test
PreInt_EduHx-computerinternet_hoursday,2.088235294117647,2.0,1.0550785424970928,0.0,3.0,1.0498928680746862,1.0,1.0903556870777873,0.0,3.0,1.038342426042961,5.706831652400994,2.1247704127751844e-06,t-test
PCIAT-PCIAT_12,1.2058823529411764,1.0,1.3434332265596973,0.0,5.0,0.2324805339265851,0.0,0.49299044523247715,0.0,5.0,0.9734018190145913,4.2213095839319426,0.0001778622784368913,t-test
stat_91,4179.3,4181.0,15.874857829634605,4152.0,4202.0,4180.130578588521,4180.0,93.75945725622385,3996.0,6000.0,-0.8305785885204386,-0.14219908510330406,0.8886471635554262,t-test
PAQ_A-Season,1.1176470588235294,0.0,1.5128681546902678,0.0,4.0,0.2901171676006113,0.0,0.8839051374444771,0.0,4.0,0.8275298912229181,3.184792029145262,0.003144959965891212,t-test
BIA-BIA_BMC,5.922234583333332,5.948535,2.256988587318681,1.23965,12.6884,6.729557751682766,3.90342,93.14937424997883,-7.78961,4115.36,-0.8073231683494333,-0.37546107790527816,0.707361754321695,t-test
stat_94,1.9,2.0,0.9944289260117533,1.0,4.0,2.6227180527383367,3.0,1.1583513207805183,1.0,4.0,-0.7227180527383368,-2.2825869113922157,0.04760704837736561,t-test
stat_82,1.8,2.0,0.9189365834726815,1.0,4.0,2.5,2.0,1.1830014310163797,1.0,4.0,-0.7,-2.3888724813065605,0.03977569867836325,t-test
stat_37,-1.7132520914077758,-1.4247195720672607,0.8388873727892605,-3.514981746673584,-0.986328125,-2.398270316875368,-2.419352412223816,0.8936443234868291,-5.42941427230835,-0.042760416865348816,0.6850182254675921,2.567518315363273,0.029785851073588075,t-test
stat_85,1.4896283388137816,1.2023414969444275,0.5287759247191003,1.0009737014770508,2.3947360515594482,2.164663041581005,2.125549077987671,0.9355997731625162,0.6944270730018616,7.906949996948242,-0.6750347027672232,-3.97435757444723,0.0028560763129404283,t-test
SDS-Season,2.323529411764706,2.0,1.4082137457269008,0.0,4.0,1.684666327050433,2.0,1.5165849091703267,0.0,4.0,0.6388630847142731,2.632136673768396,0.012712402180482106,t-test
stat_70,1.8,2.0,0.9189365834726815,1.0,4.0,2.3884381338742395,2.0,1.1828847963121183,1.0,4.0,-0.5884381338742395,-2.008151365468876,0.07451796189722322,t-test
stat_22,1.8067026727600055,2.0,0.9208000153870737,1.0,4.0,2.3869941179174496,2.0338738586751584,1.1086586160860306,1.0,4.0,-0.5802914451574441,-1.9783881736315185,0.0783472400971006,t-test
BIA-BIA_Frame_num,2.2916666666666665,2.0,0.5500329370901873,1.0,3.0,1.7386883579054397,2.0,0.6794789667892231,1.0,3.0,0.5529783087612268,4.87998968094823,5.717617593721262e-05,t-test
stat_36,-1.388891452550888,-1.268944501876831,0.47784420982966935,-2.483229160308838,-0.9992081522941589,-1.9187979388672247,-1.7736125588417053,0.9207079896353709,-8.040816307067871,-0.06988281011581421,0.5299064863163367,3.4426029085113186,0.006599466479272774,t-test
stat_84,1.15085129737854,1.0445592403411865,0.32767411325615187,0.9228906035423279,2.0570051670074463,1.6782894147518441,1.4887460470199585,0.8834937413960989,0.3956640660762787,8.02277946472168,-0.527438117373304,-4.91226495095929,0.0005490699140393143,t-test
BIA-BIA_ECW_boxcox,2.899733198686302,2.955558532415854,0.2382949004471898,2.084571177107971,3.264100377775801,2.380371930049062,2.368097514027436,0.4099276050200566,0.5631682318585624,5.296348615005437,0.51936126863724,10.489580545131364,1.3942372952565407e-10,t-test
PreInt_EduHx-Season,1.4705882352941178,1.0,1.5022265115416549,0.0,4.0,1.9824248599083036,2.0,1.4635953737011493,0.0,4.0,-0.5118366246141859,-1.978598277660821,0.05611997260836625,t-test
stat_58,1.8,2.0,0.9189365834726815,1.0,4.0,2.293103448275862,2.0,1.1699681558633508,1.0,4.0,-0.49310344827586206,-1.6831066595276036,0.12556151511423455,t-test
BIA-BIA_Activity_Level_num,3.125,3.0,0.9918143234365558,1.0,5.0,2.6456532791052365,3.0,1.0275998800591768,1.0,5.0,0.4793467208947635,2.3523359528060923,0.027343995944498097,t-test
stat_86,1.4122618496418,1.0563859939575195,0.6960412555416634,0.9749218821525574,3.1751301288604736,1.880344151543797,1.7444579005241394,0.912893079409636,0.1671614646911621,8.125556945800781,-0.46808230190199707,-2.108295975560968,0.06321557809654779,t-test
Fitness_Endurance-Season,0.38235294117647056,0.0,1.101368456838292,0.0,4.0,0.8487009679062659,0.0,1.3678872429911453,0.0,4.0,-0.46634802672979536,-2.4526488234167654,0.019485553690521393,t-test
CGAS-Season,2.2941176470588234,3.0,1.4674118994711223,0.0,4.0,1.8728986245542536,2.0,1.3335051664527098,0.0,4.0,0.4212190225045698,1.6678152337071759,0.10468240453403195,t-test
stat_69,4.4,4.0,0.8432740427115677,4.0,6.0,3.9868154158215012,4.0,0.47348861918009777,1.0,7.0,0.4131845841784991,1.546970977916617,0.1560606693939649,t-test
FGC-FGC_GS,4.130434782608695,4.0,1.2174618838941849,2.0,6.0,3.7263969171483624,4.0,1.1402586133730337,2.0,6.0,0.40403786546033293,1.5763419861483345,0.1286842253041694,t-test
FGC-FGC_TL,9.620833333333334,9.5,2.961048458065908,3.0,16.0,9.248934782608695,10.0,2.9895504462164513,0.0,22.0,0.37189855072463907,0.612050242084055,0.5463833548633883,t-test
stat_46,1.8,2.0,0.9189365834726815,1.0,4.0,2.1430020283975657,2.0,1.125990467089121,1.0,4.0,-0.34300202839756566,-1.1714655299649503,0.27062212133211716,t-test
Basic_Demos-Enroll_Season,1.2647058823529411,1.0,1.1627768104298608,0.0,3.0,1.6051961283749363,2.0,1.1157304880809766,0.0,3.0,-0.3404902460219952,-1.7006823041486023,0.09826168734564113,t-test
stat_81,6.1,6.0,0.31622776601683794,6.0,7.0,5.760649087221095,6.0,0.6400453541862559,1.0,7.0,0.3393509127789045,3.3251365711639345,0.007932877192827915,t-test
stat_65,0.5405555546283722,0.702777773141861,0.4991628797547636,0.0,1.0,0.20997858913445328,0.0,0.40505748743671255,0.0,1.0,0.33057696549391896,2.0873002927929774,0.06606864551374736,t-test
FGC-FGC_SR,0.9166666666666666,0.5,0.9743076322798876,0.0,2.0,1.2425323227819884,2.0,0.9152446664513848,0.0,2.0,-0.3258656561153218,-1.6308252294325327,0.11629442235605016,t-test
stat_88,88.58228302001953,89.23734664916992,2.356466587222085,81.97126007080078,89.81317138671875,88.89134905933125,89.37879943847656,3.3224167413526087,11.565893173217773,89.98114013671875,-0.30906603931171617,-0.41063472764725323,0.6905757042929428,t-test
stat_78_boxcox,3.4827389216020848,3.133472772598003,0.9428141429912772,2.3235622531191025,5.227139725342596,3.188218777470066,3.213355910045884,0.9269056298734147,0.0,8.263601426079878,0.29452014413201866,0.9830388240182636,0.35079300581653905,t-test
stat_77,0.6,1.0,0.5163977794943222,0.0,1.0,0.3104011719596797,0.0,0.4617901108504734,0.0,1.0,0.2895988280403203,1.7662752400151829,0.11062033652456056,t-test
fitness_score,6.545454545454546,7.0,1.7922391615298479,4.0,10.0,6.255952380952381,6.0,2.17824494226767,2.0,11.0,0.2895021645021645,0.7457221249836045,0.4635979969073222,t-test
stat_66_boxcox,2.3162699480351083,1.9756829169193193,0.8880959381760214,1.4479348735009765,4.316743909361361,2.0370778593492904,2.0915288597591184,0.6706556038751187,0.0,5.575713697800059,0.2791920886858179,0.9912676587049046,0.3471671852492185,t-test
stat_21,4.261563026015075,4.083858570579883,0.5251272978657308,3.8581418887832406,5.5655107778819115,3.983850412402108,4.001337473408749,0.36055508153780885,1.0594415261266243,6.01419978305887,0.2777126136129673,1.6683810944944972,0.12926398628979216,t-test
stat_62,-0.4410712530836463,-0.40668167918920517,0.41560177834714307,-1.0063538551330566,0.048255208879709244,-0.17632476056325103,-0.17436950653791428,0.39578797158760565,-1.0473567247390747,1.0178598165512085,-0.2647464925203953,-2.0052320018172676,0.07533602815451908,t-test
stat_17,0.42808222621679304,0.5132574141025543,0.35795234623926203,0.0,0.8656327128410339,0.21990002095500955,0.05096223019063473,0.2963232173684401,0.0,0.9851552844047546,0.2081822052617835,1.8327970276123382,0.0995940651257382,t-test
stat_50,-0.7962557904422283,-0.9137430787086487,0.24928666088876295,-1.0086002349853516,-0.3115234375,-0.5889464718237414,-0.6077477112412453,0.3178571571480572,-1.050377607345581,0.999427080154419,-0.2073093186184869,-2.608365728531674,0.02762239809588004,t-test
stat_53,0.3,0.0,0.4830458915396479,0.0,1.0,0.09466418752004722,0.0,0.28585270843094057,0.0,1.0,0.20533581247995275,1.3418576372308544,0.21228704708251991,t-test
PAQ_C-Season,1.3529411764705883,0.5,1.5740769867040496,0.0,4.0,1.1523178807947019,0.0,1.5047198700111295,0.0,4.0,0.20062329567588644,0.7402580556715649,0.4642965562086877,t-test
BIA-Season,2.235294117647059,2.0,1.4576615463133795,0.0,4.0,2.0399898115129904,2.0,1.162768670367364,0.0,4.0,0.19530430613406846,0.7791144255273555,0.4414036884639403,t-test
stat_23_boxcox,8.077965625144973,7.959479866313037,0.4189517281234745,7.6778706850753045,8.955998631725866,8.255428753111136,8.015155830488226,0.8713148004273518,0.0,12.420662952614911,-0.17746312796616337,-1.3110564972918655,0.21970624870831176,t-test
BIA-BIA_LDM_boxcox,1.8236512987076052,1.835347602381007,0.054943756180255876,1.738234258572731,1.9376037868849945,1.663592610709501,1.6630381376575756,0.12134036424706837,1.1386769282647726,2.349673512866876,0.1600586879981043,13.864820609576546,1.7996264941934681e-13,t-test
stat_72,0.1129339000210166,0.06981241889297962,0.2583339198386353,-0.406028650701046,0.6241601705551147,0.2702969886549872,0.2258924636989832,0.2925802588678811,-0.5142714977264404,0.9421283602714539,-0.15736308863397058,-1.9138801787341364,0.08708372631221391,t-test
stat_34,0.02500769395743766,0.0,0.07908127193393288,0.0,0.2500769395743766,0.17686791791638107,0.0,0.35874315930136563,0.0,1.4999895001991876,-0.1518602239589434,-5.523436309490796,9.432878913273758e-05,t-test
stat_47_boxcox,7.974844951224601,7.822938246014548,0.40681683512041117,7.589926878390318,8.865557576518171,8.124382973311297,7.878179256495332,0.8428842013736202,0.0,12.164512251667952,-0.14953802208669575,-1.1378859507079016,0.2822206973768471,t-test
Basic_Demos-Sex,0.23529411764705882,0.0,0.4305615452020461,0.0,1.0,0.3739174732552216,0.0,0.4839037513557177,0.0,1.0,-0.1386233556081628,-1.8671454881630059,0.07059362431666685,t-test
stat_40,-89.73186492919922,-89.77529525756836,0.1809528681866971,-90.0,-89.35399627685547,-89.61162921526369,-89.74862670898438,0.6189367436889359,-90.0,-79.85749816894531,-0.12023571393552857,-1.9866437888478334,0.07184027276827001,t-test
FGC-FGC_TL_Zone,0.6666666666666666,1.0,0.4815434123430768,0.0,1.0,0.7868199911543565,1.0,0.4096443718492756,0.0,1.0,-0.1201533244876899,-1.2177111827533926,0.23549430354993864,t-test
stat_14,-0.2470418281853199,-0.24722865968942642,0.2157215842800904,-0.6541826128959656,0.030200844630599022,-0.1381535241411622,-0.14065641164779663,0.2704301196352216,-1.0480198860168457,0.9435029625892639,-0.1088883040441577,-1.5836307808946237,0.1466882802579961,t-test
PAQ_Total,2.3946333333333336,2.385,0.9835010819317483,0.99,4.52,2.5022683602771365,2.46,0.8138823060362426,0.58,4.79,-0.10763502694380289,-0.5966072635257937,0.5553127533647998,t-test
stat_49,-0.16492286305874587,-0.11516421660780907,0.1649346171706135,-0.4904564619064331,0.013008376583456993,-0.2716401331720573,-0.2884536311030388,0.20943279392418704,-0.9995381832122803,1.0226261615753174,0.10671727011331145,2.029554289854186,0.07198691276374171,t-test
stat_54_boxcox,1.0445455106856611,0.9938110927244328,0.43507867560493885,0.376969663661961,2.008513283044476,0.9416896512578802,0.9748630034514651,0.31552523911978486,0.0,2.2860278953809754,0.10285585942778097,0.745600253718259,0.4747340417254319,t-test
stat_24,0.37453212440013883,0.3574618250131607,0.15587579191024287,0.15695594251155853,0.6075119376182556,0.47479862807050316,0.5143067240715027,0.13840512533732707,0.024779625236988068,0.7399009466171265,-0.10026650367036433,-2.0260390171031464,0.07290678700560871,t-test
stat_33,2.006270838360613,2.0137282107094228,0.3391452635024327,1.2724949557229988,2.681513075195565,1.9070334661839679,1.961162010563438,0.27803275591319554,0.0,2.5797497326036614,0.0992373721766453,0.9221772373015915,0.380177486326017,t-test
stat_26,0.6428012132644654,0.5816231966018677,0.17223422907314603,0.4224189817905426,0.9420446753501892,0.5605163553816551,0.5558757483959198,0.11908206160101646,0.018928635865449905,0.9848654270172119,0.08228485788281026,1.5071283434195477,0.1657250828846426,t-test
stat_29,0.2919911712408066,0.3669825494289398,0.2101688629196938,0.0,0.49584680795669556,0.21317771000836733,0.2083473801612854,0.1892947185427644,0.0,0.49968671798706055,0.07881346123243926,1.181007825543251,0.26739082027879935,t-test
stat_48,-0.3350965979509056,-0.27079860493540764,0.3083659087538014,-0.8497721254825592,0.01128083560615778,-0.41329254898829954,-0.4884980171918869,0.2898441056171672,-0.9568683505058289,0.35478752851486206,0.07819595103739396,0.7983271191045945,0.4448802531619821,t-test
stat_93,7.0,7.0,0.0,7.0,7.0,6.9330628803245435,7.0,0.5073892068319579,2.0,7.0,0.06693711967545646,4.142516561612848,3.730010500906735e-05,t-test
FGC-Season,2.088235294117647,3.0,1.484621103765833,0.0,4.0,2.0285277636271015,2.0,1.4094137454463782,0.0,4.0,0.05970753049054567,0.2335956106157285,0.8167198121355552,t-test
CGAS-CGAS_Score_boxcox,2.9466293708040174,2.9791259197108997,0.10808978554580634,2.68509156706768,3.1130870463267244,3.0024599714012603,3.0110474263163205,0.09873847723867453,2.493351488984098,4.109166279159654,-0.055830600597242874,-2.7675843140425624,0.00980221860271705,t-test
BIA-BIA_BMC_boxcox,1.9150731539275714,1.9228051923307714,0.07479624172709926,1.7243788890812286,2.0982724942165265,1.859489497429299,1.84819872183226,0.10989102708045564,0.0,3.353894799705835,0.05558365649827235,3.593584769398165,0.0014451994567561718,t-test
stat_35,7.459492635726929,6.819917440414429,1.9995538261717272,4.2745232582092285,10.959763526916504,7.510860467265392,6.741570234298706,3.543468729089164,0.0,49.94117736816406,-0.051367831538462916,-0.07997417654231842,0.9379032831031133,t-test
stat_89,0.7,1.0,0.4830458915396479,0.0,1.0,0.6501014198782962,1.0,0.4771797327190027,0.0,1.0,0.049898580121703784,0.32505827120017117,0.7524237122836566,t-test
stat_74,0.3035721076652408,0.37361979484558105,0.4526962398323807,-0.46182213723659515,1.0159515142440796,0.25632776773256544,0.2439526878297329,0.4037341429465515,-1.0466536283493042,1.0241621732711792,0.04724433993267535,0.32869889696472565,0.749784828699774,t-test
stat_35_boxcox,2.9498729922871947,2.8361681819058093,0.4442847510992419,2.1512404518633725,3.6713300403877884,2.9047507069422793,2.817810413950088,0.6897527342513378,0.0,7.461285172131169,0.04512228534491536,0.31731119253539813,0.7579099696096807,t-test
stat_13,0.0622185405343771,0.03205921407788992,0.12869025749125557,-0.09740019589662552,0.3595961332321167,0.01963212475948055,0.008731892798095942,0.13577465713927997,-0.6915231943130493,0.8751313090324402,0.04258641577489655,1.0406092974566536,0.32461852837893573,t-test
BIA-BIA_LST_boxcox,1.5393331035016422,1.5420693690476228,0.014190011197814049,1.4978839068377081,1.5651504889829988,1.4976036659114433,1.4968248840802185,0.03025076466860458,1.3989725669978414,1.6262714940051433,0.04172943759019887,14.023171711216678,1.5782959235916294e-13,t-test
stat_38,-1.037946891784668,-1.02120041847229,0.04548874890839872,-1.1595573425292969,-1.0027146339416504,-1.077206822183988,-1.0162675380706787,0.28839976793734745,-8.040491104125977,-0.9681119918823242,0.039259930399320186,2.3003592274822084,0.0337434232877458,t-test
stat_27,0.060168635286390784,0.0406605489552021,0.07302587622512235,0.010921049863100052,0.260023832321167,0.09749167218238104,0.09280471131205559,0.05737295353317329,0.0015339514939114451,0.36163899302482605,-0.03732303689599026,-1.611183712211214,0.14118061122027004,t-test
PAQ_C-PAQ_C_Total,2.557058823529412,2.86,0.9174132432135093,0.99,3.89,2.58987382629108,2.535,0.7827984053616053,0.58,4.79,-0.032815002761668044,-0.14694687025197267,0.8849834854256252,t-test
stat_25,0.42651585936546327,0.4065864235162735,0.11694039077606963,0.2550280690193176,0.5687467455863953,0.4586901468457182,0.4764461815357208,0.0992958807932571,0.02174246683716774,0.7917269468307495,-0.032174287480254915,-0.8668866596237953,0.4082040282170144,t-test
BIA-BIA_TBW_boxcox,1.3534059017491717,1.3571643164235276,0.012341900581074964,1.3126892302295203,1.3729819689017067,1.3213608131930346,1.3210881984762028,0.023414229471512466,1.2502192260901452,1.4151337473909247,0.03204508855613719,12.449522716939258,3.1353688744562983e-12,t-test
stat_57,2.2,2.0,1.0327955589886446,1.0,5.0,2.1683569979716024,2.0,0.5274714497402492,1.0,6.0,0.03164300202839776,0.09675861276370487,0.9250275308401094,t-test
stat_12,-0.09286372754722834,-0.036979660391807556,0.20312221624794158,-0.6017838716506958,0.08773519098758698,-0.06172397455235117,-0.03365800715982914,0.1990808733406337,-0.638839066028595,0.5099806189537048,-0.031139752994877166,-0.4824501367904612,0.6407866209014589,t-test
stat_73,0.3455390643328428,0.20766934379935265,0.3269124949260337,0.008810559287667274,0.9992417097091675,0.3162071192866581,0.316492922604084,0.20961592759865685,-0.7718098759651184,1.0290234088897705,0.029331945046184693,0.28314296680683115,0.7834199402804288,t-test
stat_45,1.0,1.0,0.0,1.0,1.0,1.028397565922921,1.0,0.257289400655178,1.0,5.0,-0.028397565922920975,-3.465753564457734,0.0005515572607352252,t-test
FGC-FGC_PU_Zone,0.30434782608695654,0.0,0.4704719688969647,0.0,1.0,0.3305160142348754,0.0,0.47050361783314215,0.0,1.0,-0.02616818814791888,-0.26539522772840324,0.7931265466961163,t-test
FGC-FGC_CU_Zone,0.5,0.5,0.5107539184552492,0.0,1.0,0.47608503100088573,0.0,0.4995383742627987,0.0,1.0,0.023914968999114272,0.22822704292655735,0.8214464702477864,t-test
BIA-BIA_FFM_boxcox,1.2472858545759384,1.2487422344471197,0.0063027606592090295,1.2285677952350407,1.2580428541858153,1.2287937498083277,1.2286211325625918,0.013306046287625302,1.1878008316009285,1.279268828389369,0.018492104767610762,13.99788640926536,1.7013020552822074e-13,t-test
stat_40_boxcox,0.15952203960862843,0.15725469547748583,0.07879994668802538,0.0,0.2782676998937142,0.1745737552763545,0.16958324213189338,0.08548961708386182,0.0,0.381040104330502,-0.015051715667726062,-0.6004589574425102,0.5626734063443517,t-test
Physical-Season,2.0294117647058822,3.0,1.5664144371616047,0.0,4.0,2.044065206316862,2.0,1.4268915678215712,0.0,4.0,-0.014653441610979812,-0.05435225205782698,0.956977604277387,t-test
stat_15,0.024788108945358545,0.012232832610607147,0.02835458856536943,0.0015174817526713014,0.09619437903165817,0.03859144132051698,0.03516250103712082,0.024858403847564745,0.00010647414455888793,0.1568301022052765,-0.013803332375158434,-1.533467125380782,0.1590111182617728,t-test
stat_75,0.023450949077960102,0.014072345336899161,0.024034859815402425,0.0011304960353299975,0.06509509310126305,0.03553650068861134,0.029623719165101647,0.02576906747141417,0.0,0.14001081883907318,-0.012085551610651238,-1.5809129153019061,0.14758385069912605,t-test
stat_61,0.01008011440280825,0.008375684614293277,0.1495479662606294,-0.35800284147262573,0.2003132551908493,0.019669063966221645,0.006973549723625183,0.1615989766735786,-0.999043881893158,1.027510404586792,-0.009588949563413395,-0.20157380257289026,0.8446297853544276,t-test
BIA-BIA_ICW_boxcox,0.8470968223732459,0.8478932519060038,0.00276440181462865,0.8402202598425831,0.8513487758951099,0.8400902394046766,0.8400398784911647,0.005078632186320071,0.819189840880637,0.8569692468121634,0.007006582968569264,12.168795147794535,5.523905547275668e-12,t-test
stat_60,-0.08124447492009494,0.001898401416838169,0.2430852686653869,-0.6709765493869781,0.12893792986869812,-0.07616595003494524,-0.014112686272710562,0.2657603148161744,-0.7334100604057312,0.6388541460037231,-0.0050785248851497045,-0.06566930818050622,0.9490431081078932,t-test
stat_63,0.009046915349472329,0.002612572512589395,0.011276843332063512,6.149212367745349e-06,0.027912739664316177,0.013278267917090433,0.010117918718606234,0.011155912711435519,0.0,0.060280852019786835,-0.004231352567618104,-1.1807201338770628,0.26740255568664334,t-test
PAQ_A-PAQ_A_Total,2.1822307692307694,1.69,1.0626074968245294,1.03,4.52,2.178757575757576,2.0155,0.8441364361770827,0.66,4.71,0.0034731934731935254,0.011681688706098217,0.9908649807436485,t-test
stat_51,0.0025597182668207095,0.001044343374815071,0.0033366581305594913,0.0,0.009984161239117384,0.003765330210914381,0.0010299552959622815,0.00524021313594282,0.0,0.046709693036973476,-0.0012056119440936714,-1.1285758576818257,0.28689567774512903,t-test
BIA-BIA_DEE_boxcox,1.0135613381782138,1.0135736562428816,8.283105427394343e-05,1.013378218811122,1.0136628551920555,1.0133674965539885,1.0133661338745301,0.0001446767429135886,1.0129329729704728,1.0139633604045448,0.00019384162422531048,11.257016033050373,3.1746247934137623e-11,t-test
BIA-BIA_FFMI_boxcox,0.3786840651448844,0.37870649378772253,8.826041372674863e-05,0.37848414031637245,0.3788267871466963,0.37855168689857405,0.37853427363075776,9.541560955055531e-05,0.3772477543345357,0.37888620659591005,0.00013237824631034956,7.295947098584307,1.6888433119312685e-07,t-test
BIA-BIA_BMR_boxcox,0.49406695809251255,0.49406697170603386,5.470206128911956e-08,0.4940667930109034,0.49406704685573494,0.49406679832023837,0.49406679347637245,1.1202743217550202e-07,0.49406649435363575,0.4940671300482,1.5977227418861872e-07,13.95616411629281,2.0148648503820922e-13,t-test
